id,nom,prenom,email,date_inscription
1,NOM1,PRENOM1,new_email,2020-09-01
2,NOM2,PRENOM2,new_email,2023-10-01
3,NOM1,PRENOM1,nom1.prenom1@ici.la,2020-09-01
4,NOM2,PRENOM2,nom2.prenom2@ici.la,2023-10-01
5,NOM1,PRENOM1,nom1.prenom1@ici.la,2020-09-01
6,NOM2,PRENOM2,new_email,2023-10-01
7,NOM1,PRENOM1,nom1.prenom1@ici.la,2020-09-01
8,NOM2,PRENOM2,nom2.prenom2@ici.la,2023-10-01
9,NOM1,PRENOM1,new_email,2020-09-01
10,NOM2,PRENOM2,nom2.prenom2@ici.la,2023-10-01
11,NOM1,PRENOM1,new_email,2020-09-01
12,NOM2,PRENOM2,nom2.prenom2@ici.la,2023-10-01
13,NOM1,PRENOM1,nom1.prenom1@ici.la,2020-09-01
14,NOM2,PRENOM2,nom2.prenom2@ici.la,2023-10-01
15,NOM1,PRENOM1,nom1.prenom1@ici.la,2020-09-01
16,NOM2,PRENOM2,new_email,2023-10-01
17,NOM1,PRENOM1,nom1.prenom1@ici.la,2020-09-01
18,NOM2,PRENOM2,new_email,2023-10-01
19,NOM1,PRENOM1,new_email,2020-09-01
20,NOM2,PRENOM2,new_email,2023-10-01
21,NOM1,PRENOM1,new_email,2020-09-01
22,NOM2,PRENOM2,nom2.prenom2@ici.la,2023-10-01
23,NOM1,PRENOM1,nom1.prenom1@ici.la,2020-09-01
24,NOM2,PRENOM2,nom2.prenom2@ici.la,2023-10-01
25,NOM1,PRENOM1,nom1.prenom1@ici.la,2020-09-01
26,NOM2,PRENOM2,nom2.prenom2@ici.la,2023-10-01
27,NOM1,PRENOM1,nom1.prenom1@ici.la,2020-09-01
28,NOM2,PRENOM2,nom2.prenom2@ici.la,2023-10-01
29,NOM1,PRENOM1,nom1.prenom1@ici.la,2020-09-01
30,NOM2,PRENOM2,nom2.prenom2@ici.la,2023-10-01
31,NOM1,PRENOM1,nom1.prenom1@ici.la,2020-09-01
32,NOM2,PRENOM2,nom2.prenom2@ici.la,2023-10-01
33,NOM1,PRENOM1,new_email,2020-09-01
34,NOM2,PRENOM2,new_email,2023-10-01
35,NOM1,PRENOM1,nom1.prenom1@ici.la,2020-09-01
36,NOM2,PRENOM2,nom2.prenom2@ici.la,2023-10-01
37,NOM1,PRENOM1,nom1.prenom1@ici.la,2020-09-01
38,NOM2,PRENOM2,nom2.prenom2@ici.la,2023-10-01
39,NOM1,PRENOM1,nom1.prenom1@ici.la,2020-09-01
40,NOM2,PRENOM2,nom2.prenom2@ici.la,2023-10-01
41,NOM1,PRENOM1,nom1.prenom1@ici.la,2020-09-01
42,NOM2,PRENOM2,nom2.prenom2@ici.la,2023-10-01
43,NOM1,PRENOM1,new_email,2020-09-01
44,NOM2,PRENOM2,nom2.prenom2@ici.la,2023-10-01
45,NOM1,PRENOM1,nom1.prenom1@ici.la,2020-09-01
46,NOM2,PRENOM2,nom2.prenom2@ici.la,2023-10-01
47,NOM1,PRENOM1,nom1.prenom1@ici.la,2020-09-01
48,NOM2,PRENOM2,nom2.prenom2@ici.la,2023-10-01
49,NOM1,PRENOM1,nom1.prenom1@ici.la,2020-09-01
50,NOM2,PRENOM2,nom2.prenom2@ici.la,2023-10-01
51,NOM1,PRENOM1,nom1.prenom1@ici.la,2020-09-01
52,NOM2,PRENOM2,nom2.prenom2@ici.la,2023-10-01
53,NOM1,PRENOM1,nom1.prenom1@ici.la,2020-09-01
54,NOM2,PRENOM2,nom2.prenom2@ici.la,2023-10-01
55,NOM1,PRENOM1,nom1.prenom1@ici.la,2020-09-01
56,NOM2,PRENOM2,nom2.prenom2@ici.la,2023-10-01
